Twitter link, Brand
https://twitter.com/1paypal, paypal
https://twitter.com/paypalr, paypal
https://twitter.com/paypalk, paypal
https://twitter.com/paypals, paypal
https://twitter.com/paypalp, paypal
https://twitter.com/rpaypal, paypal
https://twitter.com/paypalb, paypal
https://twitter.com/ppaypal, paypal
https://twitter.com/hpaypal, paypal
https://twitter.com/ipaypal, paypal
https://twitter.com/paypalm, paypal
https://twitter.com/paypal0, paypal
https://twitter.com/paypal8, paypal
https://twitter.com/paypal_hacks, paypal
https://twitter.com/xpaypal, paypal
https://twitter.com/cpaypal, paypal
https://twitter.com/2paypal, paypal
https://twitter.com/paypali, paypal
https://twitter.com/epaypal, paypal
https://twitter.com/paypal5, paypal
https://twitter.com/tpaypal, paypal
https://twitter.com/4paypal, paypal
https://twitter.com/paypal_, paypal
https://twitter.com/paypal2, paypal
https://twitter.com/paypale, paypal
https://twitter.com/pay_al, paypal
https://twitter.com/paypalv, paypal
https://twitter.com/8paypal, paypal
https://twitter.com/9paypal, paypal
https://twitter.com/paypa_, paypal
https://twitter.com/com_paypal, paypal
https://twitter.com/mpaypal, paypal
https://twitter.com/spaypal, paypal
https://twitter.com/paypal7, paypal
https://twitter.com/fnetflix, netflix
https://twitter.com/tnetflix, netflix
https://twitter.com/8netflix, netflix
https://twitter.com/enetflix, netflix
https://twitter.com/netflix8, netflix
https://twitter.com/netflixa, netflix
https://twitter.com/netflix_, netflix
https://twitter.com/1netflix, netflix
https://twitter.com/rnetflix, netflix
https://twitter.com/netflixj, netflix
https://twitter.com/netfl_x, netflix
https://twitter.com/inetflix, netflix
https://twitter.com/cnetflix, netflix
https://twitter.com/netfli_, netflix
https://twitter.com/netflixq, netflix
https://twitter.com/mnetflix, netflix
https://twitter.com/2netflix, netflix
https://twitter.com/dnetflix, netflix
https://twitter.com/netflixo, netflix
https://twitter.com/7netflix, netflix
https://twitter.com/netflixb, netflix
https://twitter.com/3netflix, netflix
https://twitter.com/netflixt, netflix
https://twitter.com/netflixr, netflix
https://twitter.com/netflixm, netflix
https://twitter.com/netflixfreee, netflix
https://twitter.com/netflixv, netflix
https://twitter.com/netflixs, netflix
https://twitter.com/toyotai, toyota
https://twitter.com/9toyota, toyota
https://twitter.com/toyo_a, toyota
https://twitter.com/ftoyota, toyota
https://twitter.com/3toyota, toyota
https://twitter.com/toyotal, toyota
https://twitter.com/james_toyota, toyota
https://twitter.com/toyotap, toyota
https://twitter.com/toyotav, toyota
https://twitter.com/toyotam, toyota
https://twitter.com/toyotak, toyota
https://twitter.com/toyotad, toyota
https://twitter.com/ptoyota, toyota
https://twitter.com/toyotan, toyota
https://twitter.com/toyotat, toyota
https://twitter.com/toyota0, toyota
https://twitter.com/toyota8, toyota
https://twitter.com/1toyota, toyota
https://twitter.com/toyotae, toyota
https://twitter.com/2toyota, toyota
https://twitter.com/dtoyota, toyota
https://twitter.com/8toyota, toyota
https://twitter.com/htoyota, toyota
https://twitter.com/toyota5, toyota
https://twitter.com/toyota7, toyota
https://twitter.com/com_toyota, toyota
https://twitter.com/toyota1, toyota
https://twitter.com/ytoyota, toyota
https://twitter.com/toyotaseller, toyota
https://twitter.com/ktoyota, toyota
https://twitter.com/ttoyota, toyota
https://twitter.com/xtoyota, toyota
https://twitter.com/toyota9, toyota
https://twitter.com/rtoyota, toyota
https://twitter.com/toyotaj, toyota
https://twitter.com/toyotao, toyota
https://twitter.com/mtoyota, toyota
https://twitter.com/toyotaa, toyota
https://twitter.com/etoyota, toyota
https://twitter.com/toyot_, toyota
https://twitter.com/toyota2, toyota
https://twitter.com/ctoyota, toyota
https://twitter.com/microsoft7, microsoft
https://twitter.com/imicrosoft, microsoft
https://twitter.com/microsofti, microsoft
https://twitter.com/microsofts, microsoft
https://twitter.com/microsoftunion, microsoft
https://twitter.com/1microsoft, microsoft
https://twitter.com/ymicrosoft, microsoft
https://twitter.com/microsoftmy, microsoft
https://twitter.com/microsoft1, microsoft
https://twitter.com/microsoftm, microsoft
https://twitter.com/dmicrosoft, microsoft
https://twitter.com/microsoftn, microsoft
https://twitter.com/microsofto, microsoft
https://twitter.com/microsoft4, microsoft
https://twitter.com/microsoftl, microsoft
https://twitter.com/microsoft8, microsoft
https://twitter.com/hmicrosoft, microsoft
https://twitter.com/smicrosoft, microsoft
https://twitter.com/com_microsoft, microsoft
https://twitter.com/cmicrosoft, microsoft
https://twitter.com/7microsoft, microsoft
https://twitter.com/tmicrosoft, microsoft
https://twitter.com/mmicrosoft, microsoft
https://twitter.com/microsoft_, microsoft
https://twitter.com/microsoft2, microsoft
https://twitter.com/microsofte, microsoft
https://twitter.com/2microsoft, microsoft
https://twitter.com/microsoft_my, microsoft
https://twitter.com/microsoftgifts, microsoft
https://twitter.com/microsoft5, microsoft
https://twitter.com/microsoftp, microsoft
https://twitter.com/hackmicrosoft2, microsoft
https://twitter.com/8microsoft, microsoft
https://twitter.com/kmicrosoft, microsoft
https://twitter.com/bmicrosoft, microsoft
https://twitter.com/microsoftb, microsoft
https://twitter.com/3microsoft, microsoft
https://twitter.com/xmicrosoft, microsoft
https://twitter.com/fmicrosoft, microsoft
https://twitter.com/microsoftk, microsoft
https://twitter.com/microsoftj, microsoft
https://twitter.com/microsoftq, microsoft
https://twitter.com/microsoft9, microsoft
https://twitter.com/binancemy, binance
https://twitter.com/binance8, binance
https://twitter.com/binanceflipper, binance
https://twitter.com/binance5, binance
https://twitter.com/binance_, binance
https://twitter.com/binance6, binance
https://twitter.com/binancek, binance
https://twitter.com/ybinance, binance
https://twitter.com/binanceseller, binance
https://twitter.com/binance4, binance
https://twitter.com/binancetech, binance
https://twitter.com/binanceb, binance
https://twitter.com/kbinance, binance
https://twitter.com/binanceo, binance
https://twitter.com/5binance, binance
https://twitter.com/2binance, binance
https://twitter.com/com_binance, binance
https://twitter.com/binance2, binance
https://twitter.com/rbinance, binance
https://twitter.com/ebinance, binance
https://twitter.com/binanced, binance
https://twitter.com/binance_madame, binance
https://twitter.com/binancep, binance
https://twitter.com/7google, google
https://twitter.com/google9, google
https://twitter.com/google5, google
https://twitter.com/googlej, google
https://twitter.com/goo_le, google
https://twitter.com/googles, google
https://twitter.com/googlei, google
https://twitter.com/googlel, google
https://twitter.com/googlea, google
https://twitter.com/pgoogle, google
https://twitter.com/google6, google
https://twitter.com/0google, google
https://twitter.com/bgoogle, google
https://twitter.com/rgoogle, google
https://twitter.com/googler, google
https://twitter.com/googlep, google
https://twitter.com/google0, google
https://twitter.com/google4, google
https://twitter.com/tgoogle, google
https://twitter.com/googlet, google
https://twitter.com/2google, google
https://twitter.com/googlen, google
https://twitter.com/google_, google
https://twitter.com/googlehelppls, google
https://twitter.com/google7, google
https://twitter.com/fgoogle, google
https://twitter.com/googleq, google
https://twitter.com/mgoogle, google
https://twitter.com/googlev, google
https://twitter.com/sgoogle, google
https://twitter.com/hgoogle, google
https://twitter.com/google8, google
https://twitter.com/9google, google
https://twitter.com/go_gle, google
https://twitter.com/xgoogle, google
https://twitter.com/google1, google
https://twitter.com/googled, google
https://twitter.com/james_google, google
https://twitter.com/google2, google
https://twitter.com/cgoogle, google
https://twitter.com/3google, google
https://twitter.com/ygoogle, google
https://twitter.com/kgoogle, google
https://twitter.com/8google, google
https://twitter.com/4google, google
https://twitter.com/googlehel, google
https://twitter.com/googleo, google
https://twitter.com/google_hacks, google
https://twitter.com/googlemy, google
https://twitter.com/1google, google
https://twitter.com/dgoogle, google
https://twitter.com/facebookteam5, facebook
https://twitter.com/facebookk, facebook
https://twitter.com/facebooktech, facebook
https://twitter.com/9facebook, facebook
https://twitter.com/tfacebook, facebook
https://twitter.com/facebookl, facebook
https://twitter.com/bfacebook, facebook
https://twitter.com/facebooks, facebook
https://twitter.com/facebookq, facebook
https://twitter.com/facebook5, facebook
https://twitter.com/facebookv, facebook
https://twitter.com/hfacebook, facebook
https://twitter.com/cfacebook, facebook
https://twitter.com/facebookd, facebook
https://twitter.com/xfacebook, facebook
https://twitter.com/facebookseller, facebook
https://twitter.com/com_facebook, facebook
https://twitter.com/7facebook, facebook
https://twitter.com/2facebook, facebook
https://twitter.com/kfacebook, facebook
https://twitter.com/facebook7, facebook
https://twitter.com/rfacebook, facebook
https://twitter.com/facebookj, facebook
https://twitter.com/efacebook, facebook
https://twitter.com/8facebook, facebook
https://twitter.com/1facebook, facebook
https://twitter.com/facebookhack12, facebook
https://twitter.com/james_facebook, facebook
https://twitter.com/yfacebook, facebook
https://twitter.com/facebo_k, facebook
https://twitter.com/facebookmybiz, facebook
https://twitter.com/facebookt, facebook
https://twitter.com/facebookr, facebook
https://twitter.com/facebookm, facebook
https://twitter.com/facebookmy, facebook
https://twitter.com/teamfacebook, facebook
https://twitter.com/ifacebook, facebook
https://twitter.com/pfacebook, facebook
https://twitter.com/facebook2, facebook
https://twitter.com/ffacebook, facebook
https://twitter.com/facebook9, facebook
https://twitter.com/facebooki, facebook
https://twitter.com/f_cebook, facebook
https://twitter.com/facebook4, facebook
https://twitter.com/facebook6, facebook
https://twitter.com/mfacebook, facebook
https://twitter.com/facebooke, facebook
https://twitter.com/facebookn, facebook
https://twitter.com/facebookp, facebook
https://twitter.com/3facebook, facebook
https://twitter.com/facebook8, facebook
https://twitter.com/amazonk, amazon
https://twitter.com/amazonq, amazon
https://twitter.com/hamazon, amazon
https://twitter.com/1amazon, amazon
https://twitter.com/amazonm, amazon
https://twitter.com/amazonp, amazon
https://twitter.com/amazon8, amazon
https://twitter.com/amazono, amazon
https://twitter.com/camazon, amazon
https://twitter.com/amazont, amazon
https://twitter.com/ama_on, amazon
https://twitter.com/amazon_dotcom, amazon
https://twitter.com/com_amazon, amazon
https://twitter.com/bamazon, amazon
https://twitter.com/amazon7, amazon
https://twitter.com/amazonn, amazon
https://twitter.com/famazon, amazon
https://twitter.com/amazonb, amazon
https://twitter.com/amazon6, amazon
https://twitter.com/yamazon, amazon
https://twitter.com/2amazon, amazon
https://twitter.com/amazonr, amazon
https://twitter.com/3amazon, amazon
https://twitter.com/am_zon, amazon
https://twitter.com/amazonwomen, amazon
https://twitter.com/amaz_n, amazon
https://twitter.com/iamazon, amazon
https://twitter.com/7amazon, amazon
https://twitter.com/amazonl, amazon
https://twitter.com/amazon1, amazon
https://twitter.com/amazoni, amazon
https://twitter.com/amazon5, amazon
https://twitter.com/tamazon, amazon
https://twitter.com/amazon0, amazon
https://twitter.com/amazon_, amazon
https://twitter.com/a_azon, amazon
https://twitter.com/amazonj, amazon
https://twitter.com/amazontech, amazon
https://twitter.com/amazond, amazon
https://twitter.com/9amazon, amazon
https://twitter.com/eamazon, amazon
https://twitter.com/mamazon, amazon
https://twitter.com/xamazon, amazon
https://twitter.com/amazona, amazon
https://twitter.com/amazon2, amazon
https://twitter.com/james_amazon, amazon
https://twitter.com/amazons, amazon
https://twitter.com/damazon, amazon
https://twitter.com/amazon9, amazon
https://twitter.com/amazone, amazon
https://twitter.com/ramazon, amazon
https://twitter.com/amazon_hacks, amazon
https://twitter.com/amazon4, amazon
https://twitter.com/kamazon, amazon
https://twitter.com/yairbnb, airbnb
https://twitter.com/sairbnb, airbnb
https://twitter.com/airbnbb, airbnb
https://twitter.com/airbnb9, airbnb
https://twitter.com/airbnb_, airbnb
https://twitter.com/airbnbp, airbnb
https://twitter.com/nairbnb, airbnb
https://twitter.com/airbnb5, airbnb
https://twitter.com/airbnbn, airbnb
https://twitter.com/wairbnb, airbnb
https://twitter.com/airbnbr, airbnb
https://twitter.com/airbnba, airbnb
https://twitter.com/airbnbo, airbnb
https://twitter.com/airbnbk, airbnb
https://twitter.com/kairbnb, airbnb
https://twitter.com/rairbnb, airbnb
https://twitter.com/airbnbi, airbnb
https://twitter.com/8airbnb, airbnb
https://twitter.com/airbnb7, airbnb
https://twitter.com/airbnbm, airbnb
https://twitter.com/fairbnb, airbnb
https://twitter.com/airbnbtech, airbnb
https://twitter.com/airbnb2, airbnb
https://twitter.com/iairbnb, airbnb
https://twitter.com/airbnb0, airbnb
https://twitter.com/dairbnb, airbnb
https://twitter.com/airbnb4, airbnb
https://twitter.com/cairbnb, airbnb
https://twitter.com/airbnb6, airbnb
https://twitter.com/airbnbe, airbnb
